prompt,temperature,max_length,generated_text
Exploring a new country can teach us,1.0,70,"Exploring a new country can teach us lessons, but it cannot stop us from making the best use of that knowledge.

I know for a fact that the countries of Eastern Europe have a very diverse ethnic makeup. Those ethnic minorities were at times called ""Eastern Europeans"". These people are as important to their national histories and cultures and to a great extent as the ""Europeans"" who made the western world what it is today.

Those people are often told about the European experience. We do the same with our homeland, and we are the people we are. We need to keep our culture alive.

We need to make the future of our land and national history our focus. Even our past should be filled from the perspective of those who created it. But in a world made in this way, we are losing and we must be conscious of our past.

I have no question it is my duty to remind myself. I have no doubt I am here to help you. But I do not want to discourage you from joining me on my journey to a greater, more prosperous world for all of us.

Until then, stay safe!

Das Kapital

Special Rapporteur on East Asian and Pacific Islander Affairs"
Creativity becomes stronger when,1.1,80,"Creativity becomes stronger when there is a higher-quality and clearer visualization of what's happening in this moment.

A lot of people are in a phase of having to do all sorts of visualizations of things over and over again and sometimes not getting the cues they need. However, I personally learned that I could achieve more about and insight by listening to how people view time and see themselves in the moment. They need the insight they get from looking at a big picture. This will only be realized by understanding the visual and process process and the dynamics within those processes and not just making an impression that someone else got it right.

One area where you can start to push back is that when the visual process has some subtle nuances you will then get used to making different interpretations more naturally, more easily, and you'll find it easier with experience.

But even if you have an open mind or a simple process or some combination of all these things – it's important to realize how you're able to actually improve the visual process. If you didn't grow up seeing the visual processes you understand differently and just go off and do one or one thing at a time, then you are likely going to get bored of the whole process process.

Even if that's the case if"
A surprising discovery in science could,1.0,75,"A surprising discovery in science could have an important economic impact in understanding the human brain.

Scientists have long been concerned that our brains need money and power to run, but a new study by computer researchers highlights what could lie behind those concerns.

'Happiness' is just one of many factors as to why humans think differently. A new study suggests we are using more energy for our lives but can also use it to make better choices.

Researchers from the University of Leeds studied the brain development of 16 individuals, each having their own unique brain anatomy.

One person was left with a big difference - one hemisphere was bigger, while the other hemisphere was narrower - and then, as they became older, many of the participants 'were at risk that their brain health would suffer' from brain tumours

The researchers then measured the participants' brain tumour rates. They found that the smaller brains had more activity at the ends of their life but this was 'significantly more difficult to see' during the early stages of life, during which they were at risk of developing a new, healthier brain tumour

The researchers compared how active the larger brain's activity was between the ages of 10 and 13, so the researchers would need to see whether it was 'significantly more difficult"
Working with people from different cultures can,1.2,85,"Working with people from different cultures can give you the resources you need to build that relationship. This is no longer done by a party or a couple, this has to work in tandem with the whole of the project.""

In addition to helping the project in order. One reason is the increased emphasis on people from different cultures sharing their perspectives and perspectives on the project. If the social media company doesn't follow through their target audiences' expectations on providing culturally sensitive platforms of support before bringing some members to build a social network around this important initiative. The problem is the process of doing community building involves doing as little as possible to attract like-minded people.

For now what we see is that the success of the Baha'i Association for Women and Girls is being promoted by the two organizations. Some women who have signed up for the board for the meetings even started to organize in advance so everyone was getting involved in organising the discussions for the meeting! All the men working with the women said they feel comfortable with that.

The same thing also happened with the idea of an Islamic Women's Initiative at conferences that women will discuss to improve the experience for women here. In their words of their event, ""It's important for us as human beings to see our own differences not as a barrier to action"
The future of transportation might,1.1,75,"The future of transportation might provide one simple answer: A more autonomous society.

This idea might sound outlandish after all. A century ago, technology and capitalism made much more efficient automobiles (with more fuel). But today, as automakers shift away from electrification and into autonomous transportation, the number of cars has dwindled dramatically, and is poised to end up as one of the largest transportation infrastructure programs, a $600 billion infrastructure expenditure in the U.S., and 1,300 roads every day.

We need a change

Yet the current system isn't even close to making this transformative innovation sustainable.

At a recent conference in Las Vegas, Musk pointed to a potential road network that could grow 20 times faster, improve highway safety, and replace every five seconds. If the future of commerce depends on this vision, then the U.S. could soon be the first country in the world to be at the crossroads between these technologies.

To give you an example, imagine a highway that has four lanes. On each lane, a red light gives you a right to accelerate. On other lanes, drivers get the option of going to the wrong turn.

With all that space, congestion at every traffic crosswalk, and congestion in other places of traffic, one"
